Title,Year,Rated,Released,Runtime,Genre,Director,Writer,Actors,Plot,Language,Country,Awards,Poster,Ratings,Metascore,imdbRating,imdbVotes,imdbID,Type,DVD,BoxOffice,Production,Website,Response,totalSeasons
The Shawshank Redemption,1994,R,14 Oct 1994,142 min,Drama,Frank Darabont,"Stephen King, Frank Darabont","Tim Robbins, Morgan Freeman, Bob Gunton","A banker convicted of uxoricide forms a friendship over a quarter century with a hardened convict, while maintaining his innocence and trying to remain hopeful through simple compassion.",English,United States,Nominated for 7 Oscars. 21 wins & 42 nominations total,https://m.media-amazon.com/images/M/MV5BMDAyY2FhYjctNDc5OS00MDNlLThiMGUtY2UxYWVkNGY2ZjljXkEyXkFqcGc@._V1_SX300.jpg,"[{Internet Movie Database, 9.3/10}, {Rotten Tomatoes, 89%}, {Metacritic, 82/100}]",82,9.3,"3,042,120",tt0111161,movie,N/A,"$28,767,189",N/A,N/A,True,
Deadpool,2016,R,12 Feb 2016,108 min,"Action, Comedy, Sci-Fi",Tim Miller,"Rhett Reese, Paul Wernick","Ryan Reynolds, Morena Baccarin, T.J. Miller","A wisecracking mercenary gets experimented on and becomes immortal yet hideously scarred, and sets out to track down the man who ruined his looks.",English,United States,29 wins & 78 nominations total,https://m.media-amazon.com/images/M/MV5BNzY3ZWU5NGQtOTViNC00ZWVmLTliNjAtNzViNzlkZWQ4YzQ4XkEyXkFqcGc@._V1_SX300.jpg,"[{Internet Movie Database, 8.0/10}, {Rotten Tomatoes, 85%}, {Metacritic, 65/100}]",65,8.0,"1,209,211",tt1431045,movie,N/A,"$363,070,709",N/A,N/A,True,
Captain America: Civil War,2016,PG-13,06 May 2016,147 min,"Action, Sci-Fi","Anthony Russo, Joe Russo","Christopher Markus, Stephen McFeely, Joe Simon","Chris Evans, Robert Downey Jr., Scarlett Johansson",Political involvement in the Avengers' affairs causes a rift between Captain America and Iron Man.,"English, German, Xhosa, Russian, Romanian","United States, Germany, Puerto Rico",16 wins & 73 nominations total,https://m.media-amazon.com/images/M/MV5BMjQ0MTgyNjAxMV5BMl5BanBnXkFtZTgwNjUzMDkyODE@._V1_SX300.jpg,"[{Internet Movie Database, 7.8/10}, {Rotten Tomatoes, 90%}, {Metacritic, 75/100}]",75,7.8,"889,034",tt3498820,movie,N/A,"$408,084,349",N/A,N/A,True,
The Theory of Everything,2014,PG-13,26 Nov 2014,123 min,"Biography, Drama, Romance",James Marsh,"Anthony McCarten, Jane Hawking","Eddie Redmayne, Felicity Jones, Tom Prior",Stephen Hawking gets unprecedented success in the field of physics despite being diagnosed with motor neuron disease at the age of 21. He defeats awful odds as his first wife Jane aids him loyally.,"English, French, Ukrainian","United Kingdom, Japan, United States",Won 1 Oscar. 25 wins & 128 nominations total,https://m.media-amazon.com/images/M/MV5BMTAwMTU4MDA3NDNeQTJeQWpwZ15BbWU4MDk4NTMxNTIx._V1_SX300.jpg,"[{Internet Movie Database, 7.7/10}, {Rotten Tomatoes, 81%}, {Metacritic, 71/100}]",71,7.7,"496,044",tt2980516,movie,N/A,"$35,893,537",N/A,N/A,True,
Divergent,2014,PG-13,21 Mar 2014,139 min,"Action, Adventure, Drama",Neil Burger,"Evan Daugherty, Vanessa Taylor, Veronica Roth","Shailene Woodley, Theo James, Kate Winslet","In a world divided by factions based on virtues, Tris learns she's Divergent and won't fit in. When she discovers a plot to destroy Divergents, Tris and the mysterious Four must find out what makes Divergents dangerous before it's...","English, Spanish",United States,7 wins & 11 nominations total,https://m.media-amazon.com/images/M/MV5BMTYxMzYwODE4OV5BMl5BanBnXkFtZTgwNDE5MzE2MDE@._V1_SX300.jpg,"[{Internet Movie Database, 6.6/10}, {Rotten Tomatoes, 41%}, {Metacritic, 48/100}]",48,6.6,"505,709",tt1840309,movie,N/A,"$150,947,895",N/A,N/A,True,
Ant-Man,2015,PG-13,17 Jul 2015,117 min,"Action, Comedy, Sci-Fi",Peyton Reed,"Edgar Wright, Joe Cornish, Adam McKay","Paul Rudd, Michael Douglas, Corey Stoll","Armed with a super-suit with the astonishing ability to shrink in scale but increase in strength, cat burglar Scott Lang must embrace his inner hero and help his mentor, Dr. Hank Pym, pull off a plan that will save the world.",English,United States,Nominated for 1 BAFTA Award4 wins & 34 nominations total,https://m.media-amazon.com/images/M/MV5BMjM2NTQ5Mzc2M15BMl5BanBnXkFtZTgwNTcxMDI2NTE@._V1_SX300.jpg,"[{Internet Movie Database, 7.2/10}, {Rotten Tomatoes, 83%}, {Metacritic, 64/100}]",64,7.2,"753,860",tt0478970,movie,N/A,"$180,202,163",N/A,N/A,True,
Birdman,1967–1987,TV-G,09 Sep 1967,30 min,"Animation, Action, Adventure",N/A,N/A,"Keith Andes, Don Messick, John Stephenson",A winged superhero who gets his powers from the sun battles various evildoers with the help of his eagle sidekick Avenger.,English,United States,N/A,https://m.media-amazon.com/images/M/MV5BMzg5OGI3MTUtMDJlZC00OWRlLWIyMzktMjcyN2MxYzQ4NDFjXkEyXkFqcGc@._V1_SX300.jpg,"[{Internet Movie Database, 6.7/10}]",N/A,6.7,"1,135",tt0061237,series,,,,,True,1
Spotlight,2015,R,20 Nov 2015,129 min,"Biography, Crime, Drama",Tom McCarthy,"Josh Singer, Tom McCarthy","Mark Ruffalo, Michael Keaton, Rachel McAdams","The true story of how the Boston Globe uncovered the massive scandal of child molestation and cover-up within the local Catholic Archdiocese, shaking the entire Catholic Church to its core.",English,United States,Won 2 Oscars. 124 wins & 145 nominations total,https://m.media-amazon.com/images/M/MV5BMjIyOTM5OTIzNV5BMl5BanBnXkFtZTgwMDkzODE2NjE@._V1_SX300.jpg,"[{Internet Movie Database, 8.1/10}, {Rotten Tomatoes, 97%}, {Metacritic, 93/100}]",93,8.1,"520,427",tt1895587,movie,N/A,"$45,055,776",N/A,N/A,True,
The Truman Show,1998,PG,05 Jun 1998,103 min,"Comedy, Drama",Peter Weir,Andrew Niccol,"Jim Carrey, Ed Harris, Laura Linney",An insurance salesman begins to suspect that his whole life is actually some sort of reality TV show.,English,United States,Nominated for 3 Oscars. 41 wins & 69 nominations total,https://m.media-amazon.com/images/M/MV5BNzA3ZjZlNzYtMTdjMy00NjMzLTk5ZGYtMTkyYzNiOGM1YmM3XkEyXkFqcGc@._V1_SX300.jpg,"[{Internet Movie Database, 8.2/10}, {Rotten Tomatoes, 94%}, {Metacritic, 90/100}]",90,8.2,"1,280,854",tt0120382,movie,N/A,"$125,618,201",N/A,N/A,True,
Eternal Sunshine of the Spotless Mind,2004,R,19 Mar 2004,108 min,"Drama, Romance, Sci-Fi",Michel Gondry,"Charlie Kaufman, Michel Gondry, Pierre Bismuth","Jim Carrey, Kate Winslet, Tom Wilkinson","When their relationship turns sour, a couple undergoes a medical procedure to have each other erased from their memories forever.",English,United States,Won 1 Oscar. 73 wins & 111 nominations total,https://m.media-amazon.com/images/M/MV5BMTY4NzcwODg3Nl5BMl5BanBnXkFtZTcwNTEwOTMyMw@@._V1_SX300.jpg,"[{Internet Movie Database, 8.3/10}, {Rotten Tomatoes, 92%}, {Metacritic, 89/100}]",89,8.3,"1,139,217",tt0338013,movie,N/A,"$34,400,301",N/A,N/A,True,
Roma,2018,R,14 Dec 2018,135 min,Drama,Alfonso Cuarón,Alfonso Cuarón,"Yalitza Aparicio, Marina de Tavira, Diego Cortina Autrey",A year in the life of a upper-middle-class family's maid in Mexico City in the early 1970s.,"Spanish, Mixtec, English, Japanese, German, French, Norwegian","Mexico, United States",Won 3 Oscars. 257 wins & 232 nominations total,https://m.media-amazon.com/images/M/MV5BMTU0OTc3ODk4Ml5BMl5BanBnXkFtZTgwMzM4NzI5NjM@._V1_SX300.jpg,"[{Internet Movie Database, 7.7/10}, {Rotten Tomatoes, 96%}, {Metacritic, 96/100}]",96,7.7,"174,192",tt6155172,movie,N/A,N/A,N/A,N/A,True,
Joker,2019,R,04 Oct 2019,122 min,"Crime, Drama, Thriller",Todd Phillips,"Todd Phillips, Scott Silver, Bob Kane","Joaquin Phoenix, Robert De Niro, Zazie Beetz","Arthur Fleck, a party clown and a failed stand-up comedian, leads an impoverished life with his ailing mother. However, when society shuns him and brands him as a freak, he decides to embrace the life of chaos in Gotham City.","English, German","United States, Canada, Australia",Won 2 Oscars. 121 wins & 248 nominations total,https://m.media-amazon.com/images/M/MV5BNzY3OWQ5NDktNWQ2OC00ZjdlLThkMmItMDhhNDk3NTFiZGU4XkEyXkFqcGc@._V1_SX300.jpg,"[{Internet Movie Database, 8.3/10}, {Rotten Tomatoes, 68%}, {Metacritic, 59/100}]",59,8.3,"1,608,772",tt7286456,movie,N/A,"$335,477,657",N/A,N/A,True,
Spirited Away,2001,PG,28 Mar 2003,124 min,"Animation, Adventure, Family",Hayao Miyazaki,Hayao Miyazaki,"Daveigh Chase, Suzanne Pleshette, Miyu Irino","During her family's move to the suburbs, a sullen 10-year-old girl wanders into a world ruled by gods, witches and spirits, and where humans are changed into beasts.","Japanese, English","Japan, United States",Won 1 Oscar. 58 wins & 31 nominations total,https://m.media-amazon.com/images/M/MV5BNTEyNmEwOWUtYzkyOC00ZTQ4LTllZmUtMjk0Y2YwOGUzYjRiXkEyXkFqcGc@._V1_SX300.jpg,"[{Internet Movie Database, 8.6/10}, {Rotten Tomatoes, 96%}, {Metacritic, 96/100}]",96,8.6,"914,044",tt0245429,movie,N/A,"$15,205,725",N/A,N/A,True,
Saving Private Ryan,1998,R,24 Jul 1998,169 min,"Drama, War",Steven Spielberg,Robert Rodat,"Tom Hanks, Matt Damon, Tom Sizemore","Following the Normandy Landings, a group of U.S. soldiers go behind enemy lines to retrieve a paratrooper whose comrades have been killed in action.","English, French, German, Czech",United States,Won 5 Oscars. 79 wins & 75 nominations total,https://m.media-amazon.com/images/M/MV5BZGZhZGQ1ZWUtZTZjYS00MDJhLWFkYjctN2ZlYjE5NWYwZDM2XkEyXkFqcGc@._V1_SX300.jpg,"[{Internet Movie Database, 8.6/10}, {Rotten Tomatoes, 94%}, {Metacritic, 91/100}]",91,8.6,"1,576,050",tt0120815,movie,N/A,"$217,049,603",N/A,N/A,True,
Pulp Fiction,1994,R,14 Oct 1994,154 min,"Crime, Drama",Quentin Tarantino,"Quentin Tarantino, Roger Avary","John Travolta, Uma Thurman, Samuel L. Jackson","The lives of two mob hitmen, a boxer, a gangster and his wife, and a pair of diner bandits intertwine in four tales of violence and redemption.","English, Spanish, French",United States,Won 1 Oscar. 69 wins & 72 nominations total,https://m.media-amazon.com/images/M/MV5BYTViYTE3ZGQtNDBlMC00ZTAyLTkyODMtZGRiZDg0MjA2YThkXkEyXkFqcGc@._V1_SX300.jpg,"[{Internet Movie Database, 8.8/10}, {Rotten Tomatoes, 92%}, {Metacritic, 95/100}]",95,8.8,"2,342,028",tt0110912,movie,N/A,"$107,928,762",N/A,N/A,True,
The Maze Runner,2014,PG-13,19 Sep 2014,113 min,"Action, Mystery, Sci-Fi",Wes Ball,"Noah Oppenheim, Grant Pierce Myers, T.S. Nowlin","Dylan O'Brien, Kaya Scodelario, Will Poulter","Thomas is deposited in a community of boys after his memory is erased, soon learning they're all trapped in a maze that will require him to join forces with fellow \"runners\" for a shot at escape.",English,"United States, United Kingdom",4 wins & 12 nominations total,https://m.media-amazon.com/images/M/MV5BMjUyNTA3MTAyM15BMl5BanBnXkFtZTgwOTEyMTkyMjE@._V1_SX300.jpg,"[{Internet Movie Database, 6.8/10}, {Rotten Tomatoes, 66%}, {Metacritic, 57/100}]",57,6.8,"534,461",tt1790864,movie,N/A,"$102,427,862",N/A,N/A,True,
The Lion King,1994,G,24 Jun 1994,88 min,"Animation, Adventure, Drama","Roger Allers, Rob Minkoff","Irene Mecchi, Jonathan Roberts, Linda Woolverton","Matthew Broderick, Jeremy Irons, James Earl Jones","Lion prince Simba and his father are targeted by his bitter uncle, who wants to ascend the throne himself.","English, Swahili, Xhosa, Zulu",United States,Won 2 Oscars. 43 wins & 35 nominations total,https://m.media-amazon.com/images/M/MV5BZGRiZDZhZjItM2M3ZC00Y2IyLTk3Y2MtMWY5YjliNDFkZTJlXkEyXkFqcGc@._V1_SX300.jpg,"[{Internet Movie Database, 8.5/10}, {Rotten Tomatoes, 93%}, {Metacritic, 88/100}]",88,8.5,"1,204,496",tt0110357,movie,N/A,"$424,979,720",N/A,N/A,True,
Manchester by the Sea,2016,R,16 Dec 2016,137 min,Drama,Kenneth Lonergan,Kenneth Lonergan,"Casey Affleck, Michelle Williams, Kyle Chandler",A depressed uncle is asked to take care of his teenage nephew after the boy's father dies.,English,United States,Won 2 Oscars. 128 wins & 268 nominations total,https://m.media-amazon.com/images/M/MV5BMTYxMjk0NDg4Ml5BMl5BanBnXkFtZTgwODcyNjA5OTE@._V1_SX300.jpg,"[{Internet Movie Database, 7.8/10}, {Rotten Tomatoes, 96%}, {Metacritic, 96/100}]",96,7.8,"336,313",tt4034228,movie,N/A,"$47,695,371",N/A,N/A,True,
A Quiet Place,2018,PG-13,06 Apr 2018,90 min,"Drama, Horror, Sci-Fi",John Krasinski,"Bryan Woods, Scott Beck, John Krasinski","Emily Blunt, John Krasinski, Millicent Simmonds",A family struggles for survival in a world invaded by blind alien creatures with ultra-sensitive hearing.,"American Sign , English",United States,Nominated for 1 Oscar. 38 wins & 129 nominations total,https://m.media-amazon.com/images/M/MV5BMjI0MDMzNTQ0M15BMl5BanBnXkFtZTgwMTM5NzM3NDM@._V1_SX300.jpg,"[{Internet Movie Database, 7.5/10}, {Rotten Tomatoes, 96%}, {Metacritic, 82/100}]",82,7.5,"631,819",tt6644200,movie,N/A,"$188,024,361",N/A,N/A,True,
Interstellar,2014,PG-13,07 Nov 2014,169 min,"Adventure, Drama, Sci-Fi",Christopher Nolan,"Jonathan Nolan, Christopher Nolan","Matthew McConaughey, Anne Hathaway, Jessica Chastain","When Earth becomes uninhabitable in the future, a farmer and ex-NASA pilot, Joseph Cooper, is tasked to pilot a spacecraft, along with a team of researchers, to find a new planet for humans.",English,"United States, United Kingdom, Canada",Won 1 Oscar. 44 wins & 148 nominations total,https://m.media-amazon.com/images/M/MV5BYzdjMDAxZGItMjI2My00ODA1LTlkNzItOWFjMDU5ZDJlYWY3XkEyXkFqcGc@._V1_SX300.jpg,"[{Internet Movie Database, 8.7/10}, {Rotten Tomatoes, 73%}, {Metacritic, 74/100}]",74,8.7,"2,339,759",tt0816692,movie,N/A,"$203,227,580",N/A,N/A,True,
Get Out,2017,R,24 Feb 2017,104 min,"Horror, Mystery, Thriller",Jordan Peele,Jordan Peele,"Daniel Kaluuya, Allison Williams, Bradley Whitford","A young African-American visits his white girlfriend's parents for the weekend, where his simmering uneasiness about their reception of him eventually reaches a boiling point.","English, Swahili","United States, Japan",Won 1 Oscar. 154 wins & 214 nominations total,https://m.media-amazon.com/images/M/MV5BMjUxMDQwNjcyNl5BMl5BanBnXkFtZTgwNzcwMzc0MTI@._V1_SX300.jpg,"[{Internet Movie Database, 7.8/10}, {Rotten Tomatoes, 98%}, {Metacritic, 85/100}]",85,7.8,"762,883",tt5052448,movie,09 May 2017,"$176,196,665","Universal Pictures, QC Entertainment, Blumhouse Productions",N/A,True,
The Grand Budapest Hotel,2014,R,28 Mar 2014,99 min,"Comedy, Drama",Wes Anderson,"Stefan Zweig, Wes Anderson, Hugo Guinness","Ralph Fiennes, F. Murray Abraham, Mathieu Amalric","A writer encounters the owner of an aging high-class hotel, who tells him of his early years serving as a lobby boy in the hotel's glorious years under an exceptional concierge.","English, French, German","United States, Germany",Won 4 Oscars. 135 wins & 227 nominations total,https://m.media-amazon.com/images/M/MV5BMzM5NjUxOTEyMl5BMl5BanBnXkFtZTgwNjEyMDM0MDE@._V1_SX300.jpg,"[{Internet Movie Database, 8.1/10}, {Rotten Tomatoes, 92%}, {Metacritic, 88/100}]",88,8.1,"929,508",tt2278388,movie,N/A,"$59,301,324",N/A,N/A,True,
Toy Story,1995,G,22 Nov 1995,81 min,"Animation, Adventure, Comedy",John Lasseter,"John Lasseter, Pete Docter, Andrew Stanton","Tom Hanks, Tim Allen, Don Rickles","A cowboy doll is profoundly jealous when a new spaceman action figure supplants him as the top toy in a boy's bedroom. When circumstances separate them from their owner, the duo have to put aside their differences to return to him.",English,United States,Nominated for 3 Oscars. 29 wins & 24 nominations total,https://m.media-amazon.com/images/M/MV5BZTA3OWVjOWItNjE1NS00NzZiLWE1MjgtZDZhMWI1ZTlkNzYwXkEyXkFqcGc@._V1_SX300.jpg,"[{Internet Movie Database, 8.3/10}, {Rotten Tomatoes, 100%}, {Metacritic, 96/100}]",96,8.3,"1,126,500",tt0114709,movie,N/A,"$223,225,679",N/A,N/A,True,
Avengers: Infinity War,2018,PG-13,27 Apr 2018,149 min,"Action, Adventure, Sci-Fi","Anthony Russo, Joe Russo","Christopher Markus, Stephen McFeely, Stan Lee","Robert Downey Jr., Chris Hemsworth, Mark Ruffalo",The Avengers and their allies must be willing to sacrifice all in an attempt to defeat the powerful Thanos before his blitz of devastation and ruin puts an end to the universe.,English,"United States, Norway",Nominated for 1 Oscar. 48 wins & 80 nominations total,https://m.media-amazon.com/images/M/MV5BMjMxNjY2MDU1OV5BMl5BanBnXkFtZTgwNzY1MTUwNTM@._V1_SX300.jpg,"[{Internet Movie Database, 8.4/10}, {Rotten Tomatoes, 85%}, {Metacritic, 68/100}]",68,8.4,"1,292,657",tt4154756,movie,N/A,"$678,815,482",N/A,N/A,True,
Titanic,1997,PG-13,19 Dec 1997,194 min,"Drama, Romance",James Cameron,James Cameron,"Leonardo DiCaprio, Kate Winslet, Billy Zane","A seventeen-year-old aristocrat falls in love with a kind but poor artist aboard the luxurious, ill-fated R.M.S. Titanic.","English, Swedish, Italian, French",United States,Won 11 Oscars. 126 wins & 83 nominations total,https://m.media-amazon.com/images/M/MV5BYzYyN2FiZmUtYWYzMy00MzViLWJkZTMtOGY1ZjgzNWMwN2YxXkEyXkFqcGc@._V1_SX300.jpg,"[{Internet Movie Database, 7.9/10}, {Rotten Tomatoes, 88%}, {Metacritic, 75/100}]",75,7.9,"1,339,709",tt0120338,movie,N/A,"$674,354,882",N/A,N/A,True,
Dune,1984,PG-13,14 Dec 1984,137 min,"Action, Adventure, Sci-Fi",David Lynch,"Frank Herbert, David Lynch","Kyle MacLachlan, Virginia Madsen, Francesca Annis",A Duke's son leads desert warriors against the galactic emperor and his father's evil nemesis to free their desert world from the emperor's rule.,English,"United States, Mexico",Nominated for 1 Oscar. 2 wins & 7 nominations total,https://m.media-amazon.com/images/M/MV5BMGJlMGM3NDAtOWNhMy00MWExLWI2MzEtMDQ0ZDIzZDY5ZmQ2XkEyXkFqcGc@._V1_SX300.jpg,"[{Internet Movie Database, 6.3/10}, {Rotten Tomatoes, 36%}, {Metacritic, 41/100}]",41,6.3,"188,960",tt0087182,movie,N/A,"$31,439,560",N/A,N/A,True,
The Matrix,1999,R,31 Mar 1999,136 min,"Action, Sci-Fi","Lana Wachowski, Lilly Wachowski","Lilly Wachowski, Lana Wachowski","Keanu Reeves, Laurence Fishburne, Carrie-Anne Moss","When a beautiful stranger leads computer hacker Neo to a forbidding underworld, he discovers the shocking truth--the life he knows is the elaborate deception of an evil cyber-intelligence.",English,"United States, Australia",Won 4 Oscars. 42 wins & 52 nominations total,https://m.media-amazon.com/images/M/MV5BN2NmN2VhMTQtMDNiOS00NDlhLTliMjgtODE2ZTY0ODQyNDRhXkEyXkFqcGc@._V1_SX300.jpg,"[{Internet Movie Database, 8.7/10}, {Rotten Tomatoes, 83%}, {Metacritic, 73/100}]",73,8.7,"2,162,751",tt0133093,movie,N/A,"$172,076,928",N/A,N/A,True,
Se7en,1995,R,22 Sep 1995,127 min,"Crime, Drama, Mystery",David Fincher,Andrew Kevin Walker,"Morgan Freeman, Brad Pitt, Kevin Spacey","Two detectives, a rookie and a veteran, hunt a serial killer who uses the seven deadly sins as his motives.",English,United States,Nominated for 1 Oscar. 29 wins & 44 nominations total,https://m.media-amazon.com/images/M/MV5BY2IzNzMxZjctZjUxZi00YzAxLTk3ZjMtODFjODdhMDU5NDM1XkEyXkFqcGc@._V1_SX300.jpg,"[{Internet Movie Database, 8.6/10}, {Rotten Tomatoes, 84%}, {Metacritic, 65/100}]",65,8.6,"1,918,385",tt0114369,movie,N/A,"$101,040,643",N/A,N/A,True,
Once Upon a Time in Hollywood,2016,N/A,N/A,N/A,Drama,Vladislav Kozlov,Vladislav Kozlov,N/A,N/A,N/A,USA,N/A,N/A,[],N/A,N/A,N/A,tt4010884,movie,N/A,N/A,N/A,N/A,True,
WALL·E,2008,G,27 Jun 2008,98 min,"Animation, Adventure, Family",Andrew Stanton,"Andrew Stanton, Pete Docter, Jim Reardon","Ben Burtt, Elissa Knight, Jeff Garlin","A robot who is responsible for cleaning a waste-covered Earth meets another robot and falls in love with her. Together, they set out on a journey that will alter the fate of mankind.",English,"United States, Japan",Won 1 Oscar. 96 wins & 95 nominations total,https://m.media-amazon.com/images/M/MV5BMjExMTg5OTU0NF5BMl5BanBnXkFtZTcwMjMxMzMzMw@@._V1_SX300.jpg,"[{Internet Movie Database, 8.4/10}, {Rotten Tomatoes, 95%}, {Metacritic, 95/100}]",95,8.4,"1,265,242",tt0910970,movie,N/A,"$223,808,164",N/A,N/A,True,
Cars,2006,G,09 Jun 2006,116 min,"Animation, Adventure, Comedy","John Lasseter, Joe Ranft","John Lasseter, Joe Ranft, Jorgen Klubien","Owen Wilson, Bonnie Hunt, Paul Newman","On the way to the biggest race of his life, a hotshot rookie race car gets stranded in a rundown town and learns that winning isn't everything in life.","English, Italian, Japanese, Yiddish",United States,Nominated for 2 Oscars. 28 wins & 34 nominations total,https://m.media-amazon.com/images/M/MV5BMTg5NzY0MzA2MV5BMl5BanBnXkFtZTYwNDc3NTc2._V1_SX300.jpg,"[{Internet Movie Database, 7.3/10}, {Rotten Tomatoes, 74%}, {Metacritic, 73/100}]",73,7.3,"506,040",tt0317219,movie,N/A,"$244,082,982",N/A,N/A,True,
The Pianist,2002,R,28 Mar 2003,150 min,"Biography, Drama, Music",Roman Polanski,"Ronald Harwood, Wladyslaw Szpilman","Adrien Brody, Thomas Kretschmann, Frank Finlay","During WWII, acclaimed Polish musician Wladyslaw faces various struggles as he loses contact with his family. As the situation worsens, he hides in the ruins of Warsaw in order to survive.","English, German, Russian","France, Poland, Germany, United Kingdom, United States",Won 3 Oscars. 57 wins & 74 nominations total,https://m.media-amazon.com/images/M/MV5BMjEwNmEwYjgtNTk3ZC00NjljLTg5ZDctZTY3ZGQwZjRkZmQxXkEyXkFqcGc@._V1_SX300.jpg,"[{Internet Movie Database, 8.5/10}, {Rotten Tomatoes, 95%}, {Metacritic, 85/100}]",85,8.5,"970,804",tt0253474,movie,N/A,"$32,590,750",N/A,N/A,True,
Nope,2022,R,22 Jul 2022,130 min,"Horror, Mystery, Sci-Fi",Jordan Peele,Jordan Peele,"Daniel Kaluuya, Keke Palmer, Brandon Perea",The residents of a lonely gulch in inland California bear witness to an uncanny and chilling discovery.,"English, Spanish","Canada, Japan, United States",43 wins & 181 nominations total,https://m.media-amazon.com/images/M/MV5BODRlNWRhZWUtMzdlZC00ZDIyLWFhZjMtYTcxNjI1ZDIwODhjXkEyXkFqcGc@._V1_SX300.jpg,"[{Internet Movie Database, 6.8/10}, {Rotten Tomatoes, 83%}, {Metacritic, 77/100}]",77,6.8,"298,495",tt10954984,movie,N/A,"$123,277,080",N/A,N/A,True,
"Monsters, Inc.",2001,G,23 Nov 2001,92 min,"Animation, Adventure, Comedy","Pete Docter, David Silverman, Lee Unkrich","Pete Docter, Jill Culton, Jeff Pidgeon","Billy Crystal, John Goodman, Mary Gibbs","In order to power the city, monsters have to scare children so that they scream. However, the children are toxic to the monsters, and after a child gets through, two monsters realize things may not be what they think.",English,United States,Won 1 Oscar. 15 wins & 38 nominations total,https://m.media-amazon.com/images/M/MV5BMTY1NTI0ODUyOF5BMl5BanBnXkFtZTgwNTEyNjQ0MDE@._V1_SX300.jpg,"[{Internet Movie Database, 8.1/10}, {Rotten Tomatoes, 96%}, {Metacritic, 79/100}]",79,8.1,"1,031,766",tt0198781,movie,N/A,"$290,642,256",N/A,N/A,True,
12 Angry Men,1957,Approved,10 Apr 1957,96 min,"Crime, Drama",Sidney Lumet,Reginald Rose,"Henry Fonda, Lee J. Cobb, Martin Balsam",The jury in a New York City murder trial is frustrated by a single member whose skeptical caution forces them to more carefully consider the evidence before jumping to a hasty verdict.,English,United States,Nominated for 3 Oscars. 16 wins & 12 nominations total,https://m.media-amazon.com/images/M/MV5BYjE4NzdmOTYtYjc5Yi00YzBiLWEzNDEtNTgxZGQ2MWVkN2NiXkEyXkFqcGc@._V1_SX300.jpg,"[{Internet Movie Database, 9.0/10}, {Rotten Tomatoes, 100%}, {Metacritic, 97/100}]",97,9.0,"931,674",tt0050083,movie,N/A,N/A,N/A,N/A,True,
Her,2013,R,10 Jan 2014,126 min,"Drama, Romance, Sci-Fi",Spike Jonze,Spike Jonze,"Joaquin Phoenix, Amy Adams, Scarlett Johansson","In the near future, a lonely writer develops an unlikely relationship with an operating system designed to meet his every need.",English,United States,Won 1 Oscar. 83 wins & 187 nominations total,https://m.media-amazon.com/images/M/MV5BMjA1Nzk0OTM2OF5BMl5BanBnXkFtZTgwNjU2NjEwMDE@._V1_SX300.jpg,"[{Internet Movie Database, 8.0/10}, {Rotten Tomatoes, 95%}, {Metacritic, 91/100}]",91,8.0,"704,150",tt1798709,movie,N/A,"$25,568,251",N/A,N/A,True,
John Wick,2014,R,24 Oct 2014,101 min,"Action, Crime, Thriller",Chad Stahelski,Derek Kolstad,"Keanu Reeves, Michael Nyqvist, Alfie Allen","John Wick is a former hitman grieving the loss of his true love. When his home is broken into, robbed, and his dog killed, he is forced to return to action to exact revenge.","English, Russian, Hungarian",United States,5 wins & 10 nominations total,https://m.media-amazon.com/images/M/MV5BMTU2NjA1ODgzMF5BMl5BanBnXkFtZTgwMTM2MTI4MjE@._V1_SX300.jpg,"[{Internet Movie Database, 7.5/10}, {Rotten Tomatoes, 86%}, {Metacritic, 68/100}]",68,7.5,"783,681",tt2911666,movie,N/A,"$43,037,835",N/A,N/A,True,
Braveheart,1995,R,24 May 1995,178 min,"Biography, Drama, War",Mel Gibson,Randall Wallace,"Mel Gibson, Sophie Marceau, Patrick McGoohan",Scottish warrior William Wallace leads his countrymen in a rebellion to free his homeland from the tyranny of King Edward I of England.,"English, French, Latin, Gaelic, Italian",United States,Won 5 Oscars. 34 wins & 34 nominations total,https://m.media-amazon.com/images/M/MV5BNGMxZDBhNGQtYTZlNi00N2UzLWI4NDEtNmUzNWM2NTdmZDA0XkEyXkFqcGc@._V1_SX300.jpg,"[{Internet Movie Database, 8.3/10}, {Rotten Tomatoes, 76%}, {Metacritic, 68/100}]",68,8.3,"1,132,574",tt0112573,movie,N/A,"$75,609,945",N/A,N/A,True,
Fight Club,1999,R,15 Oct 1999,139 min,"Crime, Drama, Thriller",David Fincher,"Chuck Palahniuk, Jim Uhls","Brad Pitt, Edward Norton, Meat Loaf",An insomniac office worker and a devil-may-care soap maker form an underground fight club that evolves into much more.,English,"Germany, United States",Nominated for 1 Oscar. 12 wins & 38 nominations total,https://m.media-amazon.com/images/M/MV5BOTgyOGQ1NDItNGU3Ny00MjU3LTg2YWEtNmEyYjBiMjI1Y2M5XkEyXkFqcGc@._V1_SX300.jpg,"[{Internet Movie Database, 8.8/10}, {Rotten Tomatoes, 81%}, {Metacritic, 67/100}]",67,8.8,"2,456,010",tt0137523,movie,N/A,"$37,030,102",N/A,N/A,True,
No Country for Old Men,2007,R,21 Nov 2007,122 min,"Crime, Drama, Thriller","Ethan Coen, Joel Coen","Joel Coen, Ethan Coen, Cormac McCarthy","Tommy Lee Jones, Javier Bardem, Josh Brolin",Violence and mayhem ensue after a hunter stumbles upon the aftermath of a drug deal gone wrong and over two million dollars in cash near the Rio Grande.,"English, Spanish",United States,Won 4 Oscars. 165 wins & 139 nominations total,https://m.media-amazon.com/images/M/MV5BMjA5Njk3MjM4OV5BMl5BanBnXkFtZTcwMTc5MTE1MQ@@._V1_SX300.jpg,"[{Internet Movie Database, 8.2/10}, {Rotten Tomatoes, 93%}, {Metacritic, 92/100}]",92,8.2,"1,120,666",tt0477348,movie,N/A,"$74,283,625",N/A,N/A,True,
Coco,2017,PG,22 Nov 2017,105 min,"Animation, Adventure, Drama","Lee Unkrich, Adrian Molina","Lee Unkrich, Jason Katz, Matthew Aldrich","Anthony Gonzalez, Gael García Bernal, Benjamin Bratt","Aspiring musician Miguel, confronted with his family's ancestral ban on music, enters the Land of the Dead to find his great-great-grandfather, a legendary singer.","English, Spanish","United States, Mexico",Won 2 Oscars. 112 wins & 42 nominations total,https://m.media-amazon.com/images/M/MV5BMDIyM2E2NTAtMzlhNy00ZGUxLWI1NjgtZDY5MzhiMDc5NGU3XkEyXkFqcGc@._V1_SX300.jpg,"[{Internet Movie Database, 8.4/10}, {Rotten Tomatoes, 97%}, {Metacritic, 81/100}]",81,8.4,"654,312",tt2380307,movie,N/A,"$210,460,015",N/A,N/A,True,
Back to the Future,1985,PG,03 Jul 1985,116 min,"Adventure, Comedy, Sci-Fi",Robert Zemeckis,"Robert Zemeckis, Bob Gale","Michael J. Fox, Christopher Lloyd, Lea Thompson","Marty McFly, a 17-year-old high school student, is accidentally sent 30 years into the past in a time-traveling DeLorean invented by his close friend, the maverick scientist Doc Brown.",English,United States,Won 1 Oscar. 27 wins & 25 nominations total,https://m.media-amazon.com/images/M/MV5BZmM3ZjE0NzctNjBiOC00MDZmLTgzMTUtNGVlOWFlOTNiZDJiXkEyXkFqcGc@._V1_SX300.jpg,"[{Internet Movie Database, 8.5/10}, {Rotten Tomatoes, 93%}, {Metacritic, 87/100}]",87,8.5,"1,383,116",tt0088763,movie,N/A,"$214,553,307",N/A,N/A,True,
The Irishman,2019,R,27 Nov 2019,209 min,"Biography, Crime, Drama",Martin Scorsese,"Steven Zaillian, Charles Brandt","Robert De Niro, Al Pacino, Joe Pesci","An illustration of Frank Sheeran's life, from W.W.II veteran to hit-man for the Bufalino crime family and his alleged assassination of his close friend Jimmy Hoffa.","English, Italian, Latin, Spanish, German",United States,Nominated for 10 Oscars. 73 wins & 359 nominations total,https://m.media-amazon.com/images/M/MV5BMTY2YThkNmQtOWJhYy00ZDc3LWEzOGEtMmQwNzM0YjFmZWIyXkEyXkFqcGc@._V1_SX300.jpg,"[{Internet Movie Database, 7.8/10}, {Rotten Tomatoes, 95%}, {Metacritic, 94/100}]",94,7.8,"452,725",tt1302006,movie,N/A,N/A,N/A,N/A,True,
John Wick: Chapter 2,2017,R,10 Feb 2017,122 min,"Action, Crime, Thriller",Chad Stahelski,Derek Kolstad,"Keanu Reeves, Riccardo Scamarcio, Ian McShane","After returning to the criminal underworld to repay a debt, John Wick discovers that a large bounty has been put on his life.","English, Italian, Russian, American Sign , Hebrew","United States, Italy, Hong Kong, Canada",4 wins & 10 nominations total,https://m.media-amazon.com/images/M/MV5BMjE2NDkxNTY2M15BMl5BanBnXkFtZTgwMDc2NzE0MTI@._V1_SX300.jpg,"[{Internet Movie Database, 7.4/10}, {Rotten Tomatoes, 89%}, {Metacritic, 75/100}]",75,7.4,"544,549",tt4425200,movie,N/A,"$92,029,184",N/A,N/A,True,
Us,2019,R,22 Mar 2019,116 min,"Horror, Mystery, Thriller",Jordan Peele,Jordan Peele,"Lupita Nyong'o, Winston Duke, Elisabeth Moss","In order to get away from their busy lives, the Wilson family takes a vacation to Santa Cruz, California. At night, four strangers break into Adelaide's childhood home. The family is shocked to find out that the intruders look lik...",English,"United States, China, Japan",86 wins & 135 nominations total,https://m.media-amazon.com/images/M/MV5BMzhkMjFkN2YtODU2Ni00YWYwLWExN2MtOWNjZmQxM2U4YTM5XkEyXkFqcGc@._V1_SX300.jpg,"[{Internet Movie Database, 6.8/10}, {Rotten Tomatoes, 93%}, {Metacritic, 81/100}]",81,6.8,"366,396",tt6857112,movie,N/A,"$175,084,580",N/A,N/A,True,
The Shape of Water,2017,R,22 Dec 2017,123 min,"Drama, Fantasy, Romance",Guillermo del Toro,"Guillermo del Toro, Vanessa Taylor","Sally Hawkins, Octavia Spencer, Michael Shannon","At a top secret research facility in the 1960s, a lonely janitor forms a unique relationship with an amphibious creature that is being held in captivity.","English, American Sign , Russian, French","United States, Mexico",Won 4 Oscars. 138 wins & 350 nominations total,https://m.media-amazon.com/images/M/MV5BOGFlMTM2MTgtZDdlMy00ZDZlLWFjOTUtZDMzMGEwNmNiMWY0XkEyXkFqcGc@._V1_SX300.jpg,"[{Internet Movie Database, 7.3/10}, {Rotten Tomatoes, 92%}, {Metacritic, 87/100}]",87,7.3,"461,471",tt5580390,movie,N/A,"$63,859,435",N/A,N/A,True,
The Social Network,2010,PG-13,01 Oct 2010,120 min,"Biography, Drama",David Fincher,"Aaron Sorkin, Ben Mezrich","Jesse Eisenberg, Andrew Garfield, Justin Timberlake","As Harvard student Mark Zuckerberg creates the social networking site that would become known as Facebook, he is sued by the twins who claimed he stole their idea and by the co-founder who was later squeezed out of the business.","English, French",United States,Won 3 Oscars. 174 wins & 188 nominations total,https://m.media-amazon.com/images/M/MV5BMjlkNTE5ZTUtNGEwNy00MGVhLThmZjMtZjU1NDE5Zjk1NDZkXkEyXkFqcGc@._V1_SX300.jpg,"[{Internet Movie Database, 7.8/10}, {Rotten Tomatoes, 96%}, {Metacritic, 95/100}]",95,7.8,"792,923",tt1285016,movie,N/A,"$96,962,694",N/A,N/A,True,
Glass Onion,2022,PG-13,23 Dec 2022,139 min,"Comedy, Crime, Drama",Rian Johnson,Rian Johnson,"Daniel Craig, Edward Norton, Kate Hudson","Tech billionaire Miles Bron invites his friends for a getaway on his private Greek island. When someone turns up dead, Detective Benoit Blanc is put on the case.","English, French",United States,Nominated for 1 Oscar. 53 wins & 140 nominations total,https://m.media-amazon.com/images/M/MV5BMzI2ZDYxZTEtMzVlOC00OTUyLTgyNTAtYWFhNmRhZjAzZWE1XkEyXkFqcGc@._V1_SX300.jpg,"[{Internet Movie Database, 7.1/10}, {Rotten Tomatoes, 91%}, {Metacritic, 81/100}]",81,7.1,"474,762",tt11564570,movie,N/A,"$13,280,000",N/A,N/A,True,
Blade Runner 2049,2017,R,06 Oct 2017,164 min,"Action, Drama, Mystery",Denis Villeneuve,"Hampton Fancher, Michael Green, Philip K. Dick","Harrison Ford, Ryan Gosling, Ana de Armas","Young Blade Runner K's discovery of a long-buried secret leads him to track down former Blade Runner Rick Deckard, who's been missing for thirty years.",English,"United States, Canada, Spain",Won 2 Oscars. 100 wins & 163 nominations total,https://m.media-amazon.com/images/M/MV5BNzA1Njg4NzYxOV5BMl5BanBnXkFtZTgwODk5NjU3MzI@._V1_SX300.jpg,"[{Internet Movie Database, 8.0/10}, {Rotten Tomatoes, 88%}, {Metacritic, 81/100}]",81,8.0,"716,511",tt1856101,movie,N/A,"$92,071,675",N/A,N/A,True,
La La Land,2016,PG-13,25 Dec 2016,128 min,"Comedy, Drama, Music",Damien Chazelle,Damien Chazelle,"Ryan Gosling, Emma Stone, Rosemarie DeWitt","When Sebastian, a pianist, and Mia, an actress, follow their passion and achieve success in their respective fields, they find themselves torn between their love for each other and their careers.","English, Cantonese","United States, Hong Kong",Won 6 Oscars. 242 wins & 307 nominations total,https://m.media-amazon.com/images/M/MV5BMzUzNDM2NzM2MV5BMl5BanBnXkFtZTgwNTM3NTg4OTE@._V1_SX300.jpg,"[{Internet Movie Database, 8.0/10}, {Rotten Tomatoes, 91%}, {Metacritic, 94/100}]",94,8.0,"717,993",tt3783958,movie,N/A,"$151,101,803",N/A,N/A,True,
Howl's Moving Castle,2004,PG,17 Jun 2005,119 min,"Animation, Adventure, Family",Hayao Miyazaki,"Hayao Miyazaki, Diana Wynne Jones","Chieko Baishô, Takuya Kimura, Tatsuya Gashûin","When an unconfident young woman is cursed with an old body by a spiteful witch, her only chance of breaking the spell lies with a self-indulgent yet insecure young wizard and his companions in his legged, walking castle.",Japanese,"Japan, United States",Nominated for 1 Oscar. 14 wins & 20 nominations total,https://m.media-amazon.com/images/M/MV5BMTY1OTg0MjE3MV5BMl5BanBnXkFtZTcwNTUxMTkyMQ@@._V1_SX300.jpg,"[{Internet Movie Database, 8.2/10}, {Rotten Tomatoes, 88%}, {Metacritic, 82/100}]",82,8.2,"483,180",tt0347149,movie,N/A,"$9,173,958",N/A,N/A,True,
Knives Out,2019,PG-13,27 Nov 2019,130 min,"Comedy, Crime, Drama",Rian Johnson,Rian Johnson,"Daniel Craig, Chris Evans, Ana de Armas","When renowned crime novelist Harlan Thrombey is found dead at his estate just after his 85th birthday, the inquisitive and debonair Detective Benoit Blanc is mysteriously enlisted to investigate.",English,United States,Nominated for 1 Oscar. 52 wins & 116 nominations total,https://m.media-amazon.com/images/M/MV5BZDU5ZTRkYmItZjg0Mi00ZTQwLThjMWItNWM3MTMxMzVjZmVjXkEyXkFqcGc@._V1_SX300.jpg,"[{Internet Movie Database, 7.9/10}, {Rotten Tomatoes, 97%}, {Metacritic, 82/100}]",82,7.9,"817,093",tt8946378,movie,N/A,"$165,363,234",N/A,N/A,True,
Forrest Gump,1994,PG-13,06 Jul 1994,142 min,"Drama, Romance",Robert Zemeckis,"Winston Groom, Eric Roth","Tom Hanks, Robin Wright, Gary Sinise","The history of the United States from the 1950s to the '70s unfolds from the perspective of an Alabama man with an IQ of 75, who yearns to be reunited with his childhood sweetheart.",English,United States,Won 6 Oscars. 51 wins & 74 nominations total,https://m.media-amazon.com/images/M/MV5BNDYwNzVjMTItZmU5YS00YjQ5LTljYjgtMjY2NDVmYWMyNWFmXkEyXkFqcGc@._V1_SX300.jpg,"[{Internet Movie Database, 8.8/10}, {Rotten Tomatoes, 75%}, {Metacritic, 82/100}]",82,8.8,"2,386,256",tt0109830,movie,N/A,"$330,455,270",N/A,N/A,True,
Black Panther,2018,PG-13,16 Feb 2018,134 min,"Action, Adventure, Sci-Fi",Ryan Coogler,"Ryan Coogler, Joe Robert Cole, Stan Lee","Chadwick Boseman, Michael B. Jordan, Lupita Nyong'o","T'Challa, heir to the hidden but advanced kingdom of Wakanda, must step forward to lead his people into a new future and must confront a challenger from his country's past.","English, Swahili, Nama, Xhosa, Korean",United States,Won 3 Oscars. 124 wins & 290 nominations total,https://m.media-amazon.com/images/M/MV5BMTg1MTY2MjYzNV5BMl5BanBnXkFtZTgwMTc4NTMwNDI@._V1_SX300.jpg,"[{Internet Movie Database, 7.3/10}, {Rotten Tomatoes, 96%}, {Metacritic, 88/100}]",88,7.3,"870,736",tt1825683,movie,N/A,"$700,426,566",N/A,N/A,True,
The Prestige,2006,PG-13,20 Oct 2006,130 min,"Drama, Mystery, Sci-Fi",Christopher Nolan,"Jonathan Nolan, Christopher Nolan, Christopher Priest","Christian Bale, Hugh Jackman, Scarlett Johansson",Rival 19th-century magicians engage in a bitter battle for trade secrets.,English,"United Kingdom, United States",Nominated for 2 Oscars. 6 wins & 44 nominations total,https://m.media-amazon.com/images/M/MV5BMjA4NDI0MTIxNF5BMl5BanBnXkFtZTYwNTM0MzY2._V1_SX300.jpg,"[{Internet Movie Database, 8.5/10}, {Rotten Tomatoes, 77%}, {Metacritic, 66/100}]",66,8.5,"1,521,166",tt0482571,movie,N/A,"$53,089,891",N/A,N/A,True,
The Fault in Our Stars,2014,PG-13,06 Jun 2014,126 min,"Drama, Romance",Josh Boone,"Scott Neustadter, Michael H. Weber, John Green","Shailene Woodley, Ansel Elgort, Nat Wolff","Hazel and Gus are teenagers who meet at a cancer support group and fall in love. They both share the same acerbic wit and a love of books, especially \"An Imperial Affliction\", so they embark on a journey to visit an author in Amst...",English,United States,23 wins & 18 nominations total,https://m.media-amazon.com/images/M/MV5BYTA4ODg5YWUtYmZiYy00Y2M4LWE0NjEtODE5MzhkYmJmZGEwXkEyXkFqcGc@._V1_SX300.jpg,"[{Internet Movie Database, 7.6/10}, {Rotten Tomatoes, 81%}, {Metacritic, 69/100}]",69,7.6,"414,922",tt2582846,movie,N/A,"$124,872,350",N/A,N/A,True,
The Imitation Game,2014,PG-13,25 Dec 2014,114 min,"Biography, Drama, Thriller",Morten Tyldum,"Graham Moore, Andrew Hodges","Benedict Cumberbatch, Keira Knightley, Matthew Goode","During World War II, the English mathematical genius Alan Turing tries to crack the German Enigma code with help from fellow mathematicians while attempting to come to terms with his troubled private life.","English, German",United States,Won 1 Oscar. 49 wins & 167 nominations total,https://m.media-amazon.com/images/M/MV5BNjI3NjY1Mjg3MV5BMl5BanBnXkFtZTgwMzk5MDQ3MjE@._V1_SX300.jpg,"[{Internet Movie Database, 8.0/10}, {Rotten Tomatoes, 90%}, {Metacritic, 71/100}]",71,8.0,"855,254",tt2084970,movie,N/A,"$91,125,683",N/A,N/A,True,
Tenet,2020,PG-13,03 Sep 2020,150 min,"Action, Sci-Fi, Thriller",Christopher Nolan,Christopher Nolan,"John David Washington, Robert Pattinson, Elizabeth Debicki","Armed with only the word \"Tenet,\" and fighting for the survival of the entire world, CIA operative, The Protagonist, journeys through a twilight world of international espionage on a global mission that unfolds beyond real time.",English,"United States, United Kingdom",Won 1 Oscar. 49 wins & 139 nominations total,https://m.media-amazon.com/images/M/MV5BMTU0ZjZlYTUtYzIwMC00ZmQzLWEwZTAtZWFhMWIwYjMxY2I3XkEyXkFqcGc@._V1_SX300.jpg,"[{Internet Movie Database, 7.3/10}, {Rotten Tomatoes, 70%}, {Metacritic, 69/100}]",69,7.3,"629,814",tt6723592,movie,N/A,"$58,504,105",N/A,N/A,True,
The Batman,2022,PG-13,04 Mar 2022,176 min,"Action, Crime, Drama",Matt Reeves,"Matt Reeves, Peter Craig, Bob Kane","Robert Pattinson, Zoë Kravitz, Jeffrey Wright","When a sadistic serial killer begins murdering key political figures in Gotham, the Batman is forced to investigate the city's hidden corruption and question his family's involvement.","English, Spanish, Latin, Italian",United States,Nominated for 3 Oscars. 39 wins & 182 nominations total,https://m.media-amazon.com/images/M/MV5BMmU5NGJlMzAtMGNmOC00YjJjLTgyMzUtNjAyYmE4Njg5YWMyXkEyXkFqcGc@._V1_SX300.jpg,"[{Internet Movie Database, 7.8/10}, {Rotten Tomatoes, 85%}, {Metacritic, 72/100}]",72,7.8,"875,272",tt1877830,movie,N/A,"$369,345,583",N/A,N/A,True,
Inside Out,2015,PG,19 Jun 2015,95 min,"Animation, Adventure, Comedy","Pete Docter, Ronnie Del Carmen","Pete Docter, Ronnie Del Carmen, Meg LeFauve","Amy Poehler, Bill Hader, Lewis Black","After young Riley is uprooted from her Midwest life and moved to San Francisco, her emotions - Joy, Fear, Anger, Disgust and Sadness - conflict on how best to navigate a new city, house, and school.","English, Portuguese, Latvian",United States,Won 1 Oscar. 99 wins & 118 nominations total,https://m.media-amazon.com/images/M/MV5BOTgxMDQwMDk0OF5BMl5BanBnXkFtZTgwNjU5OTg2NDE@._V1_SX300.jpg,"[{Internet Movie Database, 8.1/10}, {Rotten Tomatoes, 98%}, {Metacritic, 94/100}]",94,8.1,"870,382",tt2096673,movie,N/A,"$356,461,711",N/A,N/A,True,
Ex Machina,2014,R,24 Apr 2015,108 min,"Drama, Sci-Fi, Thriller",Alex Garland,Alex Garland,"Alicia Vikander, Domhnall Gleeson, Oscar Isaac",A young programmer is selected to participate in a ground-breaking experiment in synthetic intelligence by evaluating the human qualities of a highly advanced humanoid A.I.,English,"United Kingdom, United States",Won 1 Oscar. 74 wins & 162 nominations total,https://m.media-amazon.com/images/M/MV5BMTUxNzc0OTIxMV5BMl5BanBnXkFtZTgwNDI3NzU2NDE@._V1_SX300.jpg,"[{Internet Movie Database, 7.7/10}, {Rotten Tomatoes, 92%}, {Metacritic, 78/100}]",78,7.7,"619,108",tt0470752,movie,N/A,"$25,442,958",N/A,N/A,True,
Shutter Island,2010,R,19 Feb 2010,138 min,"Drama, Mystery, Thriller",Martin Scorsese,"Laeta Kalogridis, Dennis Lehane","Leonardo DiCaprio, Emily Mortimer, Mark Ruffalo",Two US marshals are sent to a mental institution on an inhospitable island in order to investigate the disappearance of a patient.,"English, German","United States, Canada",11 wins & 66 nominations total,https://m.media-amazon.com/images/M/MV5BN2FjNWExYzEtY2YzOC00YjNlLTllMTQtNmIwM2Q1YzBhOWM1XkEyXkFqcGc@._V1_SX300.jpg,"[{Internet Movie Database, 8.2/10}, {Rotten Tomatoes, 69%}, {Metacritic, 63/100}]",63,8.2,"1,556,566",tt1130884,movie,N/A,"$128,012,934",N/A,N/A,True,
My Neighbor Totoro,1988,G,13 Jul 1990,86 min,"Animation, Comedy, Family",Hayao Miyazaki,Hayao Miyazaki,"Hitoshi Takagi, Noriko Hidaka, Chika Sakamoto","When two girls move to the country to be near their ailing mother, they have adventures with the wondrous forest spirits who live nearby.",Japanese,Japan,5 wins & 2 nominations total,https://m.media-amazon.com/images/M/MV5BYWM3MDE3YjEtMzIzZC00ODE5LTgxNTItNmUyMTBkM2M2NmNiXkEyXkFqcGc@._V1_SX300.jpg,"[{Internet Movie Database, 8.1/10}, {Rotten Tomatoes, 94%}, {Metacritic, 87/100}]",87,8.1,"409,381",tt0096283,movie,N/A,"$2,250,213",N/A,N/A,True,
The Dark Knight,2008,PG-13,18 Jul 2008,152 min,"Action, Crime, Drama",Christopher Nolan,"Jonathan Nolan, Christopher Nolan, David S. Goyer","Christian Bale, Heath Ledger, Aaron Eckhart","When a menace known as the Joker wreaks havoc and chaos on the people of Gotham, Batman, James Gordon and Harvey Dent must work together to put an end to the madness.","English, Mandarin","United States, United Kingdom",Won 2 Oscars. 164 wins & 165 nominations total,https://m.media-amazon.com/images/M/MV5BMTMxNTMwODM0NF5BMl5BanBnXkFtZTcwODAyMTk2Mw@@._V1_SX300.jpg,"[{Internet Movie Database, 9.0/10}, {Rotten Tomatoes, 94%}, {Metacritic, 84/100}]",84,9.0,"3,029,887",tt0468569,movie,N/A,"$534,987,076",N/A,N/A,True,
Toy Story 3,2010,G,18 Jun 2010,103 min,"Animation, Adventure, Comedy",Lee Unkrich,"John Lasseter, Andrew Stanton, Lee Unkrich","Tom Hanks, Tim Allen, Joan Cusack","The toys are mistakenly delivered to a day-care center instead of the attic right before Andy leaves for college, and it's up to Woody to convince the other toys that they weren't abandoned and to return home.","English, Spanish",United States,Won 2 Oscars. 63 wins & 96 nominations total,https://m.media-amazon.com/images/M/MV5BMTgxOTY4Mjc0MF5BMl5BanBnXkFtZTcwNTA4MDQyMw@@._V1_SX300.jpg,"[{Internet Movie Database, 8.3/10}, {Rotten Tomatoes, 98%}, {Metacritic, 92/100}]",92,8.3,"929,348",tt0435761,movie,N/A,"$415,004,880",N/A,N/A,True,
The Godfather,1972,R,24 Mar 1972,175 min,"Crime, Drama",Francis Ford Coppola,"Mario Puzo, Francis Ford Coppola","Marlon Brando, Al Pacino, James Caan",The aging patriarch of an organized crime dynasty transfers control of his clandestine empire to his reluctant son.,"English, Italian, Latin",United States,Won 3 Oscars. 31 wins & 31 nominations total,https://m.media-amazon.com/images/M/MV5BNGEwYjgwOGQtYjg5ZS00Njc1LTk2ZGEtM2QwZWQ2NjdhZTE5XkEyXkFqcGc@._V1_SX300.jpg,"[{Internet Movie Database, 9.2/10}, {Rotten Tomatoes, 97%}, {Metacritic, 100/100}]",100,9.2,"2,132,118",tt0068646,movie,N/A,"$136,381,073",N/A,N/A,True,
Django Unchained,2012,R,25 Dec 2012,165 min,"Comedy, Drama, Western",Quentin Tarantino,Quentin Tarantino,"Jamie Foxx, Christoph Waltz, Leonardo DiCaprio","With the help of a German bounty-hunter, a freed slave sets out to rescue his wife from a brutal plantation owner in Mississippi.","English, German, French, Italian",United States,Won 2 Oscars. 58 wins & 158 nominations total,https://m.media-amazon.com/images/M/MV5BMjIyNTQ5NjQ1OV5BMl5BanBnXkFtZTcwODg1MDU4OA@@._V1_SX300.jpg,"[{Internet Movie Database, 8.5/10}, {Rotten Tomatoes, 87%}, {Metacritic, 81/100}]",81,8.5,"1,763,019",tt1853728,movie,N/A,"$162,805,434",N/A,N/A,True,
Thor: Ragnarok,2017,PG-13,03 Nov 2017,130 min,"Action, Adventure, Comedy",Taika Waititi,"Eric Pearson, Craig Kyle, Christopher L. Yost","Chris Hemsworth, Tom Hiddleston, Cate Blanchett","Imprisoned on the planet Sakaar, Thor must race against time to return to Asgard and stop Ragnarök, the destruction of his world, at the hands of the powerful and ruthless villain Hela.",English,United States,6 wins & 50 nominations total,https://m.media-amazon.com/images/M/MV5BMjMyNDkzMzI1OF5BMl5BanBnXkFtZTgwODcxODg5MjI@._V1_SX300.jpg,"[{Internet Movie Database, 7.9/10}, {Rotten Tomatoes, 93%}, {Metacritic, 74/100}]",74,7.9,"858,156",tt3501632,movie,N/A,"$315,058,289",N/A,N/A,True,
Guardians of the Galaxy,2014,PG-13,01 Aug 2014,121 min,"Action, Adventure, Comedy",James Gunn,"James Gunn, Nicole Perlman, Dan Abnett","Chris Pratt, Vin Diesel, Bradley Cooper",A group of intergalactic criminals must pull together to stop a fanatical warrior with plans to purge the universe.,English,"United States, United Kingdom",Nominated for 2 Oscars. 52 wins & 103 nominations total,https://m.media-amazon.com/images/M/MV5BM2ZmNjQ2MzAtNDlhNi00MmQyLWJhZDMtNmJiMjFlOWY4MzcxXkEyXkFqcGc@._V1_SX300.jpg,"[{Internet Movie Database, 8.0/10}, {Rotten Tomatoes, 92%}, {Metacritic, 76/100}]",76,8.0,"1,321,048",tt2015381,movie,N/A,"$333,718,600",N/A,N/A,True,
Logan,2017,R,03 Mar 2017,137 min,"Action, Drama, Sci-Fi",James Mangold,"James Mangold, Scott Frank, Michael Green","Hugh Jackman, Patrick Stewart, Dafne Keen","In a future where mutants are nearly extinct, an elderly and weary Logan leads a quiet life. But when Laura, a mutant child pursued by scientists, comes to him for help, he must get her to safety.","English, Spanish",United States,Nominated for 1 Oscar. 28 wins & 82 nominations total,https://m.media-amazon.com/images/M/MV5BM2JjODdkMGMtNmY2YS00OGM2LThiY2YtZGYyNzE4Nzc2ODA0XkEyXkFqcGc@._V1_SX300.jpg,"[{Internet Movie Database, 8.1/10}, {Rotten Tomatoes, 93%}, {Metacritic, 77/100}]",77,8.1,"890,163",tt3315342,movie,N/A,"$226,277,068",N/A,N/A,True,
Moonlight,2016,R,18 Nov 2016,111 min,Drama,Barry Jenkins,"Barry Jenkins, Tarell Alvin McCraney","Mahershala Ali, Naomie Harris, Trevante Rhodes","A young African-American man grapples with his identity and sexuality while experiencing the everyday struggles of childhood, adolescence, and burgeoning adulthood.",English,United States,Won 3 Oscars. 235 wins & 310 nominations total,https://m.media-amazon.com/images/M/MV5BNzQxNTIyODAxMV5BMl5BanBnXkFtZTgwNzQyMDA3OTE@._V1_SX300.jpg,"[{Internet Movie Database, 7.4/10}, {Rotten Tomatoes, 98%}, {Metacritic, 99/100}]",99,7.4,"341,808",tt4975722,movie,N/A,"$27,854,932",N/A,N/A,True,
The Perks of Being a Wallflower,2012,PG-13,12 Oct 2012,103 min,Drama,Stephen Chbosky,Stephen Chbosky,"Logan Lerman, Emma Watson, Ezra Miller","Charlie, a 15-year-old introvert, enters high school and is nervous about his new life. When he befriends his seniors, he learns to cope with his friend's suicide and his tumultuous past.",English,United States,20 wins & 51 nominations total,https://m.media-amazon.com/images/M/MV5BNTY0ZTI2NzQtYWI1YS00ZWM3LWFmMjMtZWYxNmNmOTI0MGJjXkEyXkFqcGc@._V1_SX300.jpg,"[{Internet Movie Database, 7.9/10}, {Rotten Tomatoes, 85%}, {Metacritic, 67/100}]",67,7.9,"572,273",tt1659337,movie,N/A,"$17,742,948",N/A,N/A,True,
Your Name,2015,N/A,04 Jul 2015,22 min,Short,Megumi Shiraishi,N/A,N/A,Ibe Riki and Riko Takeo are preparing for a wedding ceremony.,N/A,Japan,N/A,https://m.media-amazon.com/images/M/MV5BYzY1OWZiN2YtMWU3My00M2YyLWI1M2EtNTljMTMwMzM5NDQ0XkEyXkFqcGc@._V1_SX300.jpg,"[{Internet Movie Database, 8.9/10}]",N/A,8.9,289,tt6033368,movie,N/A,N/A,N/A,N/A,True,
Iron Man,2008,PG-13,02 May 2008,126 min,"Action, Adventure, Sci-Fi",Jon Favreau,"Mark Fergus, Hawk Ostby, Art Marcum","Robert Downey Jr., Gwyneth Paltrow, Terrence Howard","After being held captive in an Afghan cave, billionaire engineer Tony Stark creates a unique weaponized suit of armor to fight evil.","English, Persian, Urdu, Arabic, Kurdish, Hindi, Hungarian","United States, Canada",Nominated for 2 Oscars. 24 wins & 73 nominations total,https://m.media-amazon.com/images/M/MV5BMTczNTI2ODUwOF5BMl5BanBnXkFtZTcwMTU0NTIzMw@@._V1_SX300.jpg,"[{Internet Movie Database, 7.9/10}, {Rotten Tomatoes, 94%}, {Metacritic, 79/100}]",79,7.9,"1,176,729",tt0371746,movie,N/A,"$319,034,126",N/A,N/A,True,
Uncut Gems,2019,R,25 Dec 2019,135 min,"Crime, Drama, Thriller","Benny Safdie, Josh Safdie","Ronald Bronstein, Josh Safdie, Benny Safdie","Adam Sandler, Julia Fox, Idina Menzel","With his debts mounting and angry collectors closing in, a fast-talking New York City jeweler risks everything in hope of staying afloat and alive.","English, Hebrew",United States,27 wins & 94 nominations total,https://m.media-amazon.com/images/M/MV5BNmI0YjA5NjItYzExYi00NzkxLTkxNDctNGJjYTZhM2M0NDQ0XkEyXkFqcGc@._V1_SX300.jpg,"[{Internet Movie Database, 7.4/10}, {Rotten Tomatoes, 91%}, {Metacritic, 93/100}]",93,7.4,"336,054",tt5727208,movie,N/A,"$50,023,780",N/A,N/A,True,
Princess Mononoke,1997,PG-13,12 Jul 1997,133 min,"Animation, Adventure, Fantasy",Hayao Miyazaki,Hayao Miyazaki,"Yôji Matsuda, Yuriko Ishida, Yûko Tanaka","While seeking to cure himself of a curse, young warrior Ashitaka stumbles into a conflict between the people of Iron Town and Princess Mononoke, a girl raised by wolves, who will stop at nothing to prevent the destruction of her h...",Japanese,Japan,14 wins & 6 nominations total,https://m.media-amazon.com/images/M/MV5BNjAzODViNGEtMjBkYi00N2U5LWJjNjAtY2U0MGJhZTEwOTU0XkEyXkFqcGc@._V1_SX300.jpg,"[{Internet Movie Database, 8.3/10}, {Rotten Tomatoes, 93%}, {Metacritic, 76/100}]",76,8.3,"462,676",tt0119698,movie,N/A,"$11,696,687",N/A,N/A,True,
The Green Mile,1999,R,10 Dec 1999,189 min,"Crime, Drama, Fantasy",Frank Darabont,"Stephen King, Frank Darabont","Tom Hanks, Michael Clarke Duncan, David Morse",A death row guard learns that a gentle giant in his charge possesses a mysterious gift.,"English, French",United States,Nominated for 4 Oscars. 15 wins & 37 nominations total,https://m.media-amazon.com/images/M/MV5BMTUxMzQyNjA5MF5BMl5BanBnXkFtZTYwOTU2NTY3._V1_SX300.jpg,"[{Internet Movie Database, 8.6/10}, {Rotten Tomatoes, 79%}, {Metacritic, 61/100}]",61,8.6,"1,486,569",tt0120689,movie,N/A,"$136,801,374",N/A,N/A,True,
Ratatouille,2007,G,29 Jun 2007,111 min,"Animation, Adventure, Comedy","Brad Bird, Jan Pinkava","Brad Bird, Jan Pinkava, Jim Capobianco","Brad Garrett, Lou Romano, Patton Oswalt",A rat who can cook makes an unusual alliance with a young kitchen worker at a famous Paris restaurant.,"English, French",United States,Won 1 Oscar. 68 wins & 42 nominations total,https://m.media-amazon.com/images/M/MV5BMTMzODU0NTkxMF5BMl5BanBnXkFtZTcwMjQ4MzMzMw@@._V1_SX300.jpg,"[{Internet Movie Database, 8.1/10}, {Rotten Tomatoes, 96%}, {Metacritic, 96/100}]",96,8.1,"890,294",tt0382932,movie,N/A,"$206,445,654",N/A,N/A,True,
Inglourious Basterds,2009,R,21 Aug 2009,153 min,"Adventure, Drama, War",Quentin Tarantino,Quentin Tarantino,"Brad Pitt, Diane Kruger, Eli Roth","In Nazi-occupied France during World War II, a plan to assassinate Nazi leaders by a group of Jewish U.S. soldiers coincides with a theatre owner's vengeful plans for the same.","English, German, French, Italian","United States, Germany",Won 1 Oscar. 134 wins & 173 nominations total,https://m.media-amazon.com/images/M/MV5BODZhMWJlNjYtNDExNC00MTIzLTllM2ItOGQ2NGVjNDQ3MzkzXkEyXkFqcGc@._V1_SX300.jpg,"[{Internet Movie Database, 8.4/10}, {Rotten Tomatoes, 89%}, {Metacritic, 69/100}]",69,8.4,"1,688,376",tt0361748,movie,N/A,"$120,540,719",N/A,N/A,True,
Whiplash,2014,R,15 Oct 2014,106 min,"Drama, Music",Damien Chazelle,Damien Chazelle,"Miles Teller, J.K. Simmons, Melissa Benoist",A promising young drummer enrolls at a cut-throat music conservatory where his dreams of greatness are mentored by an instructor who will stop at nothing to realize a student's potential.,English,United States,Won 3 Oscars. 99 wins & 144 nominations total,https://m.media-amazon.com/images/M/MV5BMDFjOWFkYzktYzhhMC00NmYyLTkwY2EtYjViMDhmNzg0OGFkXkEyXkFqcGc@._V1_SX300.jpg,"[{Internet Movie Database, 8.5/10}, {Rotten Tomatoes, 94%}, {Metacritic, 89/100}]",89,8.5,"1,078,535",tt2582802,movie,N/A,"$14,003,391",N/A,N/A,True,
Everything Everywhere All at Once,2022,R,08 Apr 2022,139 min,"Action, Adventure, Comedy","Daniel Kwan, Daniel Scheinert","Daniel Kwan, Daniel Scheinert","Michelle Yeoh, Stephanie Hsu, Jamie Lee Curtis",A middle-aged Chinese immigrant is swept up into an insane adventure in which she alone can save existence by exploring other universes and connecting with the lives she could have led.,"English, Mandarin, Cantonese",United States,Won 7 Oscars. 409 wins & 396 nominations total,https://m.media-amazon.com/images/M/MV5BOWNmMzAzZmQtNDQ1NC00Nzk5LTkyMmUtNGI2N2NkOWM4MzEyXkEyXkFqcGc@._V1_SX300.jpg,"[{Internet Movie Database, 7.8/10}, {Rotten Tomatoes, 94%}, {Metacritic, 81/100}]",81,7.8,"583,556",tt6710474,movie,N/A,"$77,191,785",N/A,N/A,True,
Finding Nemo,2003,G,30 May 2003,100 min,"Animation, Adventure, Comedy","Andrew Stanton, Lee Unkrich","Andrew Stanton, Bob Peterson, David Reynolds","Albert Brooks, Ellen DeGeneres, Alexander Gould","After his son is captured in the Great Barrier Reef and taken to Sydney, a timid clownfish sets out on a journey to bring him home.","English, Japanese, Russian","United States, Japan",Won 1 Oscar. 49 wins & 63 nominations total,https://m.media-amazon.com/images/M/MV5BMTc5NjExNTA5OV5BMl5BanBnXkFtZTYwMTQ0ODY2._V1_SX300.jpg,"[{Internet Movie Database, 8.2/10}, {Rotten Tomatoes, 99%}, {Metacritic, 90/100}]",90,8.2,"1,160,802",tt0266543,movie,N/A,"$380,843,261",N/A,N/A,True,
The Lord of the Rings: The Return of the King,2003,PG-13,17 Dec 2003,201 min,"Adventure, Drama, Fantasy",Peter Jackson,"J.R.R. Tolkien, Fran Walsh, Philippa Boyens","Elijah Wood, Viggo Mortensen, Ian McKellen",Gandalf and Aragorn lead the World of Men against Sauron's army to draw his gaze from Frodo and Sam as they approach Mount Doom with the One Ring.,"English, Quenya, Old English, Sindarin","New Zealand, United States",Won 11 Oscars. 215 wins & 124 nominations total,https://m.media-amazon.com/images/M/MV5BMTZkMjBjNWMtZGI5OC00MGU0LTk4ZTItODg2NWM3NTVmNWQ4XkEyXkFqcGc@._V1_SX300.jpg,"[{Internet Movie Database, 9.0/10}, {Rotten Tomatoes, 94%}, {Metacritic, 94/100}]",94,9.0,"2,083,855",tt0167260,movie,N/A,"$381,878,219",N/A,N/A,True,
The Incredibles,2004,PG,05 Nov 2004,115 min,"Animation, Action, Adventure",Brad Bird,Brad Bird,"Craig T. Nelson, Samuel L. Jackson, Holly Hunter","While trying to lead a quiet suburban life, a family of undercover superheroes are forced into action to save the world.","English, French, German, Italian, Portuguese, Russian",United States,Won 2 Oscars. 69 wins & 56 nominations total,https://m.media-amazon.com/images/M/MV5BMTY5OTU0OTc2NV5BMl5BanBnXkFtZTcwMzU4MDcyMQ@@._V1_SX300.jpg,"[{Internet Movie Database, 8.0/10}, {Metacritic, 90/100}]",90,8.0,"855,560",tt0317705,movie,29 Mar 2005,"$261,441,092",N/A,N/A,True,
The Silence of the Lambs,1991,R,14 Feb 1991,118 min,"Crime, Drama, Horror",Jonathan Demme,"Thomas Harris, Ted Tally","Jodie Foster, Anthony Hopkins, Scott Glenn","A young F.B.I. cadet must receive the help of an incarcerated and manipulative cannibal killer to help catch another serial killer, a madman who skins his victims.","English, Latin",United States,Won 5 Oscars. 71 wins & 50 nominations total,https://m.media-amazon.com/images/M/MV5BNDdhOGJhYzctYzYwZC00YmI2LWI0MjctYjg4ODdlMDExYjBlXkEyXkFqcGc@._V1_SX300.jpg,"[{Internet Movie Database, 8.6/10}, {Rotten Tomatoes, 95%}, {Metacritic, 86/100}]",86,8.6,"1,641,642",tt0102926,movie,N/A,"$130,742,922",N/A,N/A,True,
The Intouchables,2011,R,02 Nov 2011,112 min,"Comedy, Drama","Olivier Nakache, Éric Toledano","Olivier Nakache, Éric Toledano, Philippe Pozzo di Borgo","François Cluzet, Omar Sy, Anne Le Ny","After he becomes a quadriplegic from a paragliding accident, an aristocrat hires a young man from the projects to be his caregiver.","French, English",France,Nominated for 1 BAFTA Award38 wins & 40 nominations total,https://m.media-amazon.com/images/M/MV5BMTYxNDA3MDQwNl5BMl5BanBnXkFtZTcwNTU4Mzc1Nw@@._V1_SX300.jpg,"[{Internet Movie Database, 8.5/10}, {Rotten Tomatoes, 75%}, {Metacritic, 57/100}]",57,8.5,"981,604",tt1675434,movie,N/A,"$10,198,820",N/A,N/A,True,
Barbie,2023,PG-13,21 Jul 2023,114 min,"Adventure, Comedy, Fantasy",Greta Gerwig,"Greta Gerwig, Noah Baumbach","Margot Robbie, Ryan Gosling, Issa Rae","Barbie and Ken are having the time of their lives in the seemingly perfect world of Barbie Land. However, when they get a chance to go to the outside world, they soon discover the joys and perils of living among regular humans.","English, Spanish","United States, United Kingdom",Won 1 Oscar. 210 wins & 439 nominations total,https://m.media-amazon.com/images/M/MV5BYjI3NDU0ZGYtYjA2YS00Y2RlLTgwZDAtYTE2YTM5ZjE1M2JlXkEyXkFqcGc@._V1_SX300.jpg,"[{Internet Movie Database, 6.8/10}, {Rotten Tomatoes, 88%}, {Metacritic, 80/100}]",80,6.8,"611,746",tt1517268,movie,N/A,"$636,238,421",N/A,N/A,True,
Arrival,2016,PG-13,11 Nov 2016,116 min,"Drama, Mystery, Sci-Fi",Denis Villeneuve,"Eric Heisserer, Ted Chiang","Amy Adams, Jeremy Renner, Forest Whitaker","Linguist Louise Banks leads a team of investigators when gigantic spaceships touch down around the world. As nations teeter on the verge of global war, Banks and her crew must find a way to communicate with the extraterrestrial vi...","English, Mandarin, Russian","United States, Canada",Won 1 Oscar. 71 wins & 268 nominations total,https://m.media-amazon.com/images/M/MV5BMTExMzU0ODcxNDheQTJeQWpwZ15BbWU4MDE1OTI4MzAy._V1_SX300.jpg,"[{Internet Movie Database, 7.9/10}, {Rotten Tomatoes, 94%}, {Metacritic, 81/100}]",81,7.9,"817,569",tt2543164,movie,N/A,"$100,546,139",N/A,N/A,True,
Akira,1988,R,16 Jul 1988,124 min,"Animation, Drama, Fantasy",Katsuhiro Ôtomo,"Katsuhiro Ôtomo, Izô Hashimoto","Mitsuo Iwata, Nozomu Sasaki, Mami Koyama",A secret military project endangers Neo-Tokyo when it turns a teenage biker gang member into a rampaging psychic psychopath who can only be stopped by his best friend.,Japanese,Japan,1 win total,https://m.media-amazon.com/images/M/MV5BM2NiMTIzZWEtM2Y2ZS00NTg1LTlhZTgtOThjMTkwNzQ4NzBlXkEyXkFqcGc@._V1_SX300.jpg,"[{Internet Movie Database, 8.0/10}, {Rotten Tomatoes, 91%}, {Metacritic, 68/100}]",68,8.0,"216,679",tt0094625,movie,N/A,"$553,171",N/A,N/A,True,
Oppenheimer,2023,R,21 Jul 2023,180 min,"Biography, Drama, History",Christopher Nolan,"Christopher Nolan, Kai Bird, Martin Sherwin","Cillian Murphy, Emily Blunt, Matt Damon","A dramatization of the life story of J. Robert Oppenheimer, the physicist who had a large hand in the development of the atomic bombs that brought an end to World War II.","English, German, Italian, Dutch","United States, United Kingdom",Won 7 Oscars. 363 wins & 372 nominations total,https://m.media-amazon.com/images/M/MV5BN2JkMDc5MGQtZjg3YS00NmFiLWIyZmQtZTJmNTM5MjVmYTQ4XkEyXkFqcGc@._V1_SX300.jpg,"[{Internet Movie Database, 8.3/10}, {Rotten Tomatoes, 93%}, {Metacritic, 90/100}]",90,8.3,"901,380",tt15398776,movie,N/A,"$330,078,895",N/A,N/A,True,
The Hateful Eight,2015,R,30 Dec 2015,168 min,"Crime, Drama, Mystery",Quentin Tarantino,Quentin Tarantino,"Samuel L. Jackson, Kurt Russell, Jennifer Jason Leigh","In the dead of a Wyoming winter, a bounty hunter and his prisoner find shelter in a cabin currently inhabited by a collection of nefarious characters.","English, Spanish, French, Persian",United States,Won 1 Oscar. 46 wins & 116 nominations total,https://m.media-amazon.com/images/M/MV5BMjA1MTc1NTg5NV5BMl5BanBnXkFtZTgwOTM2MDEzNzE@._V1_SX300.jpg,"[{Internet Movie Database, 7.8/10}, {Rotten Tomatoes, 74%}, {Metacritic, 68/100}]",68,7.8,"694,160",tt3460252,movie,N/A,"$54,117,416",N/A,N/A,True,
Bohemian Rhapsody,2018,PG-13,02 Nov 2018,134 min,"Biography, Drama, Music",Bryan Singer,"Anthony McCarten, Peter Morgan","Rami Malek, Lucy Boynton, Gwilym Lee","With his impeccable vocal abilities, Freddie Mercury and his rock band, Queen, achieve superstardom. However, amidst his skyrocketing success, he grapples with his ego, sexuality and a fatal illness.","English, British Sign","United Kingdom, United States",Won 4 Oscars. 50 wins & 80 nominations total,https://m.media-amazon.com/images/M/MV5BMTA2NDc3Njg5NDVeQTJeQWpwZ15BbWU4MDc1NDcxNTUz._V1_SX300.jpg,"[{Internet Movie Database, 7.9/10}, {Rotten Tomatoes, 60%}, {Metacritic, 49/100}]",49,7.9,"624,662",tt1727824,movie,N/A,"$216,668,042",N/A,N/A,True,
Avengers: Endgame,2019,PG-13,26 Apr 2019,181 min,"Action, Adventure, Sci-Fi","Anthony Russo, Joe Russo","Christopher Markus, Stephen McFeely, Stan Lee","Robert Downey Jr., Chris Evans, Mark Ruffalo","After the devastating events of Avengers: Infinity War (2018), the universe is in ruins. With the help of remaining allies, the Avengers assemble once more in order to reverse Thanos' actions and restore balance to the universe.","English, Japanese, Xhosa, German",United States,Nominated for 1 Oscar. 70 wins & 133 nominations total,https://m.media-amazon.com/images/M/MV5BMTc5MDE2ODcwNV5BMl5BanBnXkFtZTgwMzI2NzQ2NzM@._V1_SX300.jpg,"[{Internet Movie Database, 8.4/10}, {Rotten Tomatoes, 94%}, {Metacritic, 78/100}]",78,8.4,"1,364,269",tt4154796,movie,N/A,"$858,373,000",N/A,N/A,True,
A Beautiful Mind,2001,PG-13,04 Jan 2002,135 min,"Biography, Drama, Mystery",Ron Howard,"Akiva Goldsman, Sylvia Nasar","Russell Crowe, Ed Harris, Jennifer Connelly","A mathematical genius, John Nash made an astonishing discovery early in his career and stood on the brink of international acclaim. But the handsome and arrogant Nash soon found himself on a harrowing journey of self-discovery.",English,United States,Won 4 Oscars. 37 wins & 69 nominations total,https://m.media-amazon.com/images/M/MV5BNzljZTk5ZDgtZTQ1Zi00NTM4LThlOGUtZDk2MGM4NDQ4NWQyXkEyXkFqcGc@._V1_SX300.jpg,"[{Internet Movie Database, 8.2/10}, {Rotten Tomatoes, 74%}, {Metacritic, 72/100}]",72,8.2,"1,023,944",tt0268978,movie,N/A,"$170,742,341",N/A,N/A,True,
Marriage Story,2019,R,06 Dec 2019,137 min,"Drama, Romance",Noah Baumbach,Noah Baumbach,"Adam Driver, Scarlett Johansson, Julia Greer",A stage director and his actor wife struggle through a grueling divorce that pushes them to their personal and creative extremes. Noah Baumbach's incisive and compassionate look at a marriage breaking up and a family staying toget...,"English, Spanish","United Kingdom, United States",Won 1 Oscar. 129 wins & 276 nominations total,https://m.media-amazon.com/images/M/MV5BNmE0OWJlM2MtNzhmMi00YmQyLTlmY2EtZmUzNzBiNGRlN2JkXkEyXkFqcGc@._V1_SX300.jpg,"[{Internet Movie Database, 7.9/10}, {Rotten Tomatoes, 95%}, {Metacritic, 94/100}]",94,7.9,"360,605",tt7653254,movie,N/A,N/A,N/A,N/A,True,
The Wolf of Wall Street,2013,R,25 Dec 2013,180 min,"Biography, Comedy, Crime",Martin Scorsese,"Terence Winter, Jordan Belfort","Leonardo DiCaprio, Jonah Hill, Margot Robbie","Based on the true story of Jordan Belfort, from his rise to a wealthy stock-broker living the high life to his fall involving crime, corruption and the federal government.","English, French",United States,Nominated for 5 Oscars. 38 wins & 180 nominations total,https://m.media-amazon.com/images/M/MV5BMjIxMjgxNTk0MF5BMl5BanBnXkFtZTgwNjIyOTg2MDE@._V1_SX300.jpg,"[{Internet Movie Database, 8.2/10}, {Rotten Tomatoes, 79%}, {Metacritic, 75/100}]",75,8.2,"1,683,543",tt0993846,movie,N/A,"$116,900,694",N/A,N/A,True,
Schindler's List,1993,R,04 Feb 1994,195 min,"Biography, Drama, History",Steven Spielberg,"Thomas Keneally, Steven Zaillian","Liam Neeson, Ralph Fiennes, Ben Kingsley","In German-occupied Poland during World War II, industrialist Oskar Schindler gradually becomes concerned for his Jewish workforce after witnessing their persecution by the Nazis.","English, Hebrew, German, Polish, Latin",United States,Won 7 Oscars. 91 wins & 49 nominations total,https://m.media-amazon.com/images/M/MV5BNjM1ZDQxYWUtMzQyZS00MTE1LWJmZGYtNGUyNTdlYjM3ZmVmXkEyXkFqcGc@._V1_SX300.jpg,"[{Internet Movie Database, 9.0/10}, {Rotten Tomatoes, 98%}, {Metacritic, 95/100}]",95,9.0,"1,522,278",tt0108052,movie,N/A,"$96,898,818",N/A,N/A,True,
Mad Max: Fury Road,2015,R,15 May 2015,120 min,"Action, Adventure, Sci-Fi",George Miller,"George Miller, Brendan McCarthy, Nick Lathouris","Tom Hardy, Charlize Theron, Nicholas Hoult","In a post-apocalyptic wasteland, a woman rebels against a tyrannical ruler in search for her homeland with the aid of a group of female prisoners, a psychotic worshipper and a drifter named Max.","English, Russian","Australia, United States",Won 6 Oscars. 245 wins & 234 nominations total,https://m.media-amazon.com/images/M/MV5BZDRkODJhOTgtOTc1OC00NTgzLTk4NjItNDgxZDY4YjlmNDY2XkEyXkFqcGc@._V1_SX300.jpg,"[{Internet Movie Database, 8.1/10}, {Rotten Tomatoes, 97%}, {Metacritic, 90/100}]",90,8.1,"1,168,249",tt1392190,movie,N/A,"$154,280,290",N/A,N/A,True,
500 Days of Summer,2009,PG-13,07 Aug 2009,95 min,"Comedy, Drama, Romance",Marc Webb,"Scott Neustadter, Michael H. Weber","Zooey Deschanel, Joseph Gordon-Levitt, Geoffrey Arend","After being dumped by the girl he believes to be his soulmate, hopeless romantic Tom Hansen reflects on their relationship to try and figure out where things went wrong and how he can win her back.","English, French, Swedish",United States,17 wins & 58 nominations total,https://m.media-amazon.com/images/M/MV5BMTk5MjM4OTU1OV5BMl5BanBnXkFtZTcwODkzNDIzMw@@._V1_SX300.jpg,"[{Internet Movie Database, 7.6/10}, {Rotten Tomatoes, 86%}, {Metacritic, 76/100}]",76,7.6,"593,300",tt1022603,movie,N/A,"$32,391,374",N/A,N/A,True,
Up,2009,PG,23 Jul 2009,96 min,"Animation, Adventure, Comedy","Pete Docter, Bob Peterson","Pete Docter, Bob Peterson, Tom McCarthy","Edward Asner, Jordan Nagai, John Ratzenberger","78-year-old Carl Fredricksen travels to South America in his house equipped with balloons, inadvertently taking a young stowaway.",English,United States,Won 2 Oscars. 81 wins & 88 nominations total,https://m.media-amazon.com/images/M/MV5BNmI1ZTc5MWMtMDYyOS00ZDc2LTkzOTAtNjQ4NWIxNjYyNDgzXkEyXkFqcGc@._V1_SX300.jpg,"[{Internet Movie Database, 8.3/10}, {Rotten Tomatoes, 98%}, {Metacritic, 88/100}]",88,8.3,"1,185,278",tt1049413,movie,N/A,"$293,004,164",N/A,N/A,True,
The Revenant,2015,R,08 Jan 2016,156 min,"Adventure, Drama, Western",Alejandro G. Iñárritu,"Mark L. Smith, Alejandro G. Iñárritu, Michael Punke","Leonardo DiCaprio, Tom Hardy, Will Poulter",A frontiersman on a fur trading expedition in the 1820s fights for survival after being mauled by a bear and left for dead by members of his own hunting team.,"English, Pawnee, French","United States, Hong Kong, Taiwan, Argentina",Won 3 Oscars. 94 wins & 193 nominations total,https://m.media-amazon.com/images/M/MV5BYTgwNmQzZDctMjNmOS00OTExLTkwM2UtNzJmOTJhODFjOTdlXkEyXkFqcGc@._V1_SX300.jpg,"[{Internet Movie Database, 8.0/10}, {Rotten Tomatoes, 78%}, {Metacritic, 76/100}]",76,8.0,"913,788",tt1663202,movie,N/A,"$183,637,894",N/A,N/A,True,
The Departed,2006,R,06 Oct 2006,151 min,"Crime, Drama, Thriller",Martin Scorsese,"William Monahan, Alan Mak, Felix Chong","Leonardo DiCaprio, Matt Damon, Jack Nicholson",An undercover cop and a mole in the police attempt to identify each other while infiltrating an Irish gang in South Boston.,"English, Cantonese","United States, Hong Kong",Won 4 Oscars. 100 wins & 141 nominations total,https://m.media-amazon.com/images/M/MV5BMTI1MTY2OTIxNV5BMl5BanBnXkFtZTYwNjQ4NjY3._V1_SX300.jpg,"[{Internet Movie Database, 8.5/10}, {Rotten Tomatoes, 91%}, {Metacritic, 85/100}]",85,8.5,"1,487,100",tt0407887,movie,N/A,"$132,399,394",N/A,N/A,True,
Good Will Hunting,1997,R,09 Jan 1998,126 min,"Drama, Romance",Gus Van Sant,"Matt Damon, Ben Affleck","Robin Williams, Matt Damon, Ben Affleck","A therapist counsels Will Hunting, a janitor with a genius IQ.",English,United States,Won 2 Oscars. 25 wins & 61 nominations total,https://m.media-amazon.com/images/M/MV5BNDdjZGQ5YzEtNTc2My00Mjc0LWFlMTctYzkwMzZlNzdiZWYzXkEyXkFqcGc@._V1_SX300.jpg,"[{Internet Movie Database, 8.3/10}, {Rotten Tomatoes, 97%}, {Metacritic, 71/100}]",71,8.3,"1,141,769",tt0119217,movie,N/A,"$138,433,435",N/A,N/A,True,
Parasite,2019,R,08 Nov 2019,132 min,"Drama, Thriller",Bong Joon Ho,"Bong Joon Ho, Han Jin-won","Song Kang-ho, Lee Sun-kyun, Cho Yeo-jeong",Greed and class discrimination threaten the newly formed symbiotic relationship between the wealthy Park family and the destitute Kim clan.,"Korean, English",South Korea,Won 4 Oscars. 318 wins & 266 nominations total,https://m.media-amazon.com/images/M/MV5BYjk1Y2U4MjQtY2ZiNS00OWQyLWI3MmYtZWUwNmRjYWRiNWNhXkEyXkFqcGc@._V1_SX300.jpg,"[{Internet Movie Database, 8.5/10}, {Rotten Tomatoes, 99%}, {Metacritic, 97/100}]",97,8.5,"1,058,893",tt6751668,movie,N/A,"$53,847,897",N/A,N/A,True,
Inception,2010,PG-13,16 Jul 2010,148 min,"Action, Adventure, Sci-Fi",Christopher Nolan,Christopher Nolan,"Leonardo DiCaprio, Joseph Gordon-Levitt, Elliot Page","A thief who steals corporate secrets through the use of dream-sharing technology is given the inverse task of planting an idea into the mind of a C.E.O., but his tragic past may doom the project and his team to disaster.","English, Japanese, French","United States, United Kingdom",Won 4 Oscars. 159 wins & 220 nominations total,https://m.media-amazon.com/images/M/MV5BMjAxMzY3NjcxNF5BMl5BanBnXkFtZTcwNTI5OTM0Mw@@._V1_SX300.jpg,"[{Internet Movie Database, 8.8/10}, {Rotten Tomatoes, 87%}, {Metacritic, 74/100}]",74,8.8,"2,682,985",tt1375666,movie,N/A,"$292,587,330",N/A,N/A,True,
Don't Look Up,2021,R,24 Dec 2021,138 min,"Comedy, Drama, Sci-Fi",Adam McKay,"Adam McKay, David Sirota","Leonardo DiCaprio, Jennifer Lawrence, Meryl Streep",Two low-level astronomers must go on a giant media tour to warn humankind of an approaching comet that will destroy planet Earth.,English,"United States, Canada",Nominated for 4 Oscars. 24 wins & 99 nominations total,https://m.media-amazon.com/images/M/MV5BMjhhNWFjNzctYTJjOS00MDc0LThiNjItZmM0ZDVmMWViY2UzXkEyXkFqcGc@._V1_SX300.jpg,"[{Internet Movie Database, 7.2/10}, {Metacritic, 49/100}]",49,7.2,"639,219",tt11286314,movie,N/A,N/A,N/A,N/A,True,
Gladiator,2000,R,05 May 2000,155 min,"Action, Adventure, Drama",Ridley Scott,"David Franzoni, John Logan, William Nicholson","Russell Crowe, Joaquin Phoenix, Connie Nielsen",A former Roman General sets out to exact vengeance against the corrupt emperor who murdered his family and sent him into slavery.,English,"United States, United Kingdom, Malta, Morocco",Won 5 Oscars. 60 wins & 104 nominations total,https://m.media-amazon.com/images/M/MV5BYWQ4YmNjYjEtOWE1Zi00Y2U4LWI4NTAtMTU0MjkxNWQ1ZmJiXkEyXkFqcGc@._V1_SX300.jpg,"[{Internet Movie Database, 8.5/10}, {Rotten Tomatoes, 80%}, {Metacritic, 67/100}]",67,8.5,"1,765,852",tt0172495,movie,N/A,"$187,705,427",N/A,N/A,True,
The Big Short,2015,R,23 Dec 2015,130 min,"Biography, Comedy, Drama",Adam McKay,"Charles Randolph, Adam McKay, Michael Lewis","Christian Bale, Steve Carell, Ryan Gosling","In 2006-2007 a group of investors bet against the United States mortgage market. In their research, they discover how flawed and corrupt the market is.",English,United States,Won 1 Oscar. 37 wins & 81 nominations total,https://m.media-amazon.com/images/M/MV5BZDZkNDQ3YjktYjBlZC00YTY1LTgxOGYtY2RhMWFhZmNkZGY3XkEyXkFqcGc@._V1_SX300.jpg,"[{Internet Movie Database, 7.8/10}, {Rotten Tomatoes, 89%}, {Metacritic, 81/100}]",81,7.8,"509,381",tt1596363,movie,N/A,"$70,259,870",N/A,N/A,True,
Doctor Strange,2016,PG-13,04 Nov 2016,115 min,"Action, Adventure, Fantasy",Scott Derrickson,"Jon Spaihts, Scott Derrickson, C. Robert Cargill","Benedict Cumberbatch, Chiwetel Ejiofor, Rachel McAdams","While on a journey of physical and spiritual healing, a brilliant neurosurgeon is drawn into the world of the mystic arts.",English,"United States, Hong Kong, Nepal",Nominated for 1 Oscar. 21 wins & 68 nominations total,https://m.media-amazon.com/images/M/MV5BNjgwNzAzNjk1Nl5BMl5BanBnXkFtZTgwMzQ2NjI1OTE@._V1_SX300.jpg,"[{Internet Movie Database, 7.5/10}, {Rotten Tomatoes, 89%}, {Metacritic, 72/100}]",72,7.5,"845,476",tt1211837,movie,N/A,"$232,641,920",N/A,N/A,True,
